epoch,train_loss,train_loss_body,train_loss_hands,train_loss_feet,train_pck,val_loss,val_loss_body,val_loss_hands,val_loss_feet,val_pck,test_loss,test_loss_body,test_loss_hands,test_loss_feet,test_pck
1,0.010341789780994835,0.0008544716403523101,0.0011613967335123085,0.001210432803423265,82.70337571206406,0.005516591632077771,0.00032171521917499573,0.0006361892642987404,0.0006625298433603326,95.40980154189036,0.005108107579872012,0.00023228821373777464,0.0005776095148994009,0.0006413453272732629,96.92458083083088
2,0.004721415892134801,0.0002829693853327871,0.0005736605522657156,0.0005359510764022329,96.33272992577925,0.00419395137578249,0.00026120298464263466,0.0005365859134636793,0.00044660118373451374,96.82073200208244,0.0039913126053540285,0.00020055832991036713,0.0005061211047939503,0.00044156747596413906,97.84255609776446
3,0.003858966219568867,0.0002441522244034093,0.0005086111861454415,0.000395092314381712,97.11619215052507,0.0036206677736293886,0.0002296734053084934,0.0004916220747341658,0.00035612651939323595,97.30300258181278,0.0035102845333214545,0.0001788457534653512,0.00047611989076186374,0.00035673980380886714,98.18976094149704
4,0.003427048154058344,0.0002204519399622405,0.00046861498721566204,0.00033303406671620906,97.48865442811619,0.003306352048544847,0.00021295588417437702,0.000459064506903945,0.00031428453673134596,97.5748623726287,0.003294406656956149,0.00016465235337917065,0.0004580606269096402,0.00032437794465835934,98.34178796852407
5,0.003166718873917856,0.0002048952234705342,0.0004399736451544703,0.00030048226879182953,97.7003977690637,0.003088146640074616,0.0001990449013760961,0.00043226295425373006,0.0002900124787779418,97.75500723523328,0.003144182299414801,0.00015389413483963172,0.0004416906351154368,0.000305881402636186,98.40122240295851
6,0.002973587478765792,0.0001936485106673618,0.00041583082557764456,0.00027915391645022574,97.85875854962175,0.002927910135124266,0.00018872635056828833,0.0004125383425308692,0.00027225760402538443,97.8959021070343,0.0030636451886715114,0.00014791895640932175,0.0004329156383047686,0.000296015920104912,98.45617318707596
7,0.0028195923029323998,0.00018564603652182816,0.00039516885677715887,0.00026331771002777524,97.98075377952046,0.002802498021920789,0.00018186193493847472,0.0003958189756506019,0.0002593400472033215,98.00008351806278,0.002972086359797096,0.00014329126940071079,0.00042112882963281026,0.00028606994011489724,98.50939481147815
8,0.0026968688184119795,0.00017929636655874434,0.00037794240717483777,0.0002514507060592802,98.07664920613351,0.0026969342963189206,0.00017635553934833363,0.00038089948676286203,0.00024924519965024565,98.05998061341342,0.002908733151097958,0.00013905697493543344,0.0004138556596936306,0.0002785633824296875,98.52503545211877
9,0.00259705083924993,0.00017421700784961606,0.00036388833486608694,0.00024182012366264592,98.14856774287813,0.002612173712084664,0.00017180323689853887,0.0003692463382921686,0.00024084628252546205,98.1330701639693,0.002873262985156396,0.00013660769793598257,0.0004090570948539755,0.00027510672894218385,98.56926370815259
10,0.0025120087216436997,0.00016978777727872266,0.0003516608672717695,0.00023389436825827983,98.21114296660811,0.002543871601422628,0.0001677280376096987,0.00035965521055262027,0.00023438067997031342,98.1773719729575,0.002841830121453952,0.00013196475294928342,0.00040591658703429073,0.0002715497527812683,98.57066267656543
11,0.0024391012297600777,0.00016613180718839905,0.0003413819016877253,0.0002268604541770621,98.26283636331284,0.002488872498243807,0.00016441148145401375,0.00035276288622706516,0.00022835236804861922,98.21015318742106,0.002810903390668131,0.00013024421610139512,0.000403765297567195,0.00026639949705772653,98.58864941330218
12,0.002373062101539408,0.00016262052030482167,0.00033158645954718105,0.00022102393676639605,98.3234952692633,0.0024357990129754,0.00016105969818884768,0.00034526745834860176,0.0002234173712477515,98.24889337317408,0.0027905145150332435,0.0001274686554687513,0.000401220189618274,0.0002645412782471426,98.60618430930931
13,0.002314634047837034,0.00015989647586485412,0.0003231313770648401,0.0002155530166623262,98.37203041519166,0.002388081918086683,0.00015898730861829214,0.0003382444204795959,0.00021902923380428638,98.28257299408705,0.0027832364053087862,0.00012580912211765158,0.0003998294851044193,0.0002645273388888863,98.59422790846398
14,0.0022633284064126724,0.00015715436655986268,0.0003155804145115432,0.00021096309453808607,98.40528826865712,0.0023452629619795415,0.00015651718244969671,0.00033251440148770567,0.00021467204525938265,98.31757086090278,0.002765226033138665,0.0001255649406851483,0.00039841107885680487,0.0002615041965917634,98.60455942053163
15,0.002217617723881998,0.00015507117854775818,0.0003089409990804145,0.0002066956386137169,98.44018439520104,0.0023031838106385375,0.00015392044684716156,0.0003260180765535936,0.00021129776421169948,98.35103931256687,0.0027442880327234395,0.0001232943131243873,0.0003936935485202215,0.00026155488012591377,98.62919342954062
16,0.0021706098269863314,0.00015304457636930116,0.00030214734026491895,0.00020224397170415874,98.47548832063967,0.002265535245773025,0.00015220417659671302,0.0003211777829911433,0.00020715498295988168,98.37853129963092,0.0027284608316934995,0.00012237768798415246,0.0003937271984476546,0.00025779359153553695,98.64672832554776
17,0.002128506319142143,0.00015117460139426757,0.000295419724487946,0.00019891320566193624,98.51426628822948,0.002246108229479028,0.00014995461466783111,0.0003186179236108337,0.00020542048281067016,98.41840355248158,0.002732275752350688,0.00012055377049585552,0.00039607442827341527,0.0002568560665020266,98.65415762985207
18,0.002093376895212339,0.00014925869831694248,0.00029027097115362055,0.00019575857767217163,98.54453440285836,0.0022096784237111288,0.00014875314606200923,0.0003133064162926615,0.00020192490304790197,98.41999794278672,0.0027123699531059814,0.00011955105887987097,0.00039140653845262587,0.0002567981821296082,98.66901623846066
19,0.002055725109065996,0.00014789087478997553,0.00028453655709301625,0.00019242200207470543,98.57188456473769,0.00217919737996874,0.0001464251768752335,0.0003090964356524115,0.00019909661731809565,98.45542814427763,0.0027105581027933876,0.00011815457863220315,0.0003929830874423371,0.0002551177957856625,98.65829371037702
20,0.0020219861318862627,0.0001463259988912849,0.0002793777996889261,0.00018953723368869737,98.59476646402084,0.0021546836604454346,0.00014537288673287992,0.0003054028208051244,0.00019692487227747143,98.47014626606784,0.002709358955758649,0.00011707329984936812,0.0003938890283304342,0.0002541823831396303,98.65790269436101
21,0.0019906335911241617,0.00014462704302256534,0.00027449976612663424,0.00018700187076499159,98.62024985063105,0.002135489742675509,0.0001435917385938948,0.0003024560939599877,0.00019551840818180004,98.49338612914426,0.0027033378483375184,0.0001167310486355721,0.0003912463564759221,0.0002554053418272225,98.66885114280946
22,0.001961090048303151,0.00014327365047984335,0.00027006488166031147,0.00018438921780367237,98.6470466193,0.0021101599346385687,0.000142823649729113,0.00029864034509681844,0.000193193725276468,98.49458317139535,0.002702221028959832,0.000116264058601086,0.00039278247906524385,0.00025370676637583137,98.67119723890555
23,0.0019331194058419812,0.00014185716724075427,0.0002656922964749841,0.0001821232629306155,98.67324887784527,0.0020908248259462283,0.0001412697758274837,0.00029649421825961585,0.00019089454509806902,98.52043703487787,0.0026934820296544886,0.00011468260669750414,0.00039152691346857493,0.0002531729449008315,98.677227574797
24,0.00190476886259868,0.00014086391412284466,0.00026129787155341425,0.00017967836551823456,98.68761687988142,0.0020668911964609204,0.0001400146990873447,0.0002922197533888228,0.00018949937261056863,98.54025445669583,0.0026913253949149636,0.0001142350300978177,0.00039297303128232424,0.0002512995555219744,98.67605452674893
25,0.0018799248553453339,0.00013963876916863016,0.0002576241604728006,0.00017744736063905945,98.70645078534646,0.0020496828166941534,0.00013984708097412028,0.0002897899705536103,0.000187668962352809,98.55810138203142,0.0026859720709507128,0.00011463831617367907,0.0003907771244632533,0.0002520563139114529,98.68074671894112
26,0.0018545557295845095,0.00013822586028450356,0.00025353620512433967,0.00017554626191680156,98.73148188591017,0.002034663299505856,0.0001380194393095083,0.000287930398257733,0.00018623056832999725,98.56468261536794,0.0026932377053575742,0.00011310396665656888,0.0003927804791601375,0.00025225295472852384,98.68504789511732
27,0.001830443870192686,0.00013729667960172268,0.0002497061940234764,0.00017358060398153677,98.74716630322008,0.002013566041295166,0.00013713350697498982,0.00028459284154992004,0.0001845152911564876,98.59371276423893,0.002681787047107276,0.00011346615025792523,0.00039181924846677765,0.00025026097274668564,98.68136365532196
28,0.0018077980218488606,0.00013629054523286129,0.0002463043232906752,0.0001715725450019557,98.76262457750683,0.0020016331319934206,0.00013575336966712836,0.0002827828745424454,0.000183687066814969,98.59150485854208,0.002681466451896405,0.0001119894725372826,0.0003924049960914999,0.00024996424523320655,98.69873345567788
29,0.0017838205240098884,0.00013528583180958054,0.00024240267111433277,0.00016973100204830947,98.77497549162325,0.0019834677348293927,0.00013514918079691535,0.0002802306582557044,0.0001818489796656441,98.61633911192361,0.002672504252955519,0.00011169288021896186,0.0003914991138043587,0.0002487037258892874,98.7116369842064
30,0.0017634304775960843,0.0001344680217303014,0.0002390822760459044,0.00016815833804289488,98.79296987060425,0.0019676534285415033,0.0001342391764130076,0.00027810016299195683,0.0001802533995577111,98.6217145563536,0.00267200093603114,0.0001116131929479338,0.0003914885687786532,0.0002486083669921484,98.6989593760427
31,0.0017425924010215652,0.0001335382540441419,0.00023592234956676918,0.00016634118725752432,98.8074056144405,0.0019542341330005225,0.00013382095679466356,0.00027534907929287173,0.0001797542156126704,98.64895164089249,0.0026840264468478993,0.00011082074274167394,0.0003936232077083676,0.00024967821770366535,98.70733580803021
32,0.0017208011784369435,0.00013263485835674074,0.00023227325090386742,0.00016476832875891091,98.8247748141248,0.001943012161637693,0.00013254569344473737,0.00027427382925341714,0.0001783427881142859,98.65040358566893,0.002676781266927719,0.00011058055659649088,0.0003928193123224569,0.00024873086324471325,98.70348647258366
33,0.0017028684142116675,0.0001318065470085592,0.0002295111399979201,0.00016325432657772642,98.83298471583238,0.0019276760385862441,0.00013242740768022957,0.0002719974664780962,0.0001768146914439977,98.66311622435579,0.0026786147704901727,0.00011143578818961475,0.00039322906043191716,0.00024856567796558847,98.70990782449113
34,0.0016838765001517507,0.0001310105835368978,0.00022661338639633539,0.0001616030924425214,98.84621020691652,0.001914415144658644,0.0001316648916513275,0.0002698318972911579,0.00017585566536086115,98.67393708645811,0.002684025952869372,0.00011019922523111156,0.00039542289930584565,0.0002480337842260613,98.69895937604268
35,0.0016641705702038088,0.00013008976073684004,0.0002232457262243566,0.00016027447646050483,98.85910777376579,0.001896945187174398,0.00013053582119692858,0.00026723455342899765,0.00017436778700266262,98.69127795530993,0.0026721728248269975,0.00010894194014867567,0.00039431747565096294,0.00024649024232309565,98.71303595261926
36,0.0016483444925147054,0.00012941298441363148,0.0002208268282556021,0.00015890604900295382,98.87151160063152,0.0018955692840826874,0.00013093586203076385,0.00026689005467379765,0.00017426830020025505,98.68264875511602,0.0026738765410374145,0.00010916741745392289,0.00039501796866691594,0.00024615931171275725,98.7110808725392
37,0.0016322863671402426,0.00012877906329805582,0.0002182208803339314,0.00015765594537375127,98.88154008319377,0.0018768657297630357,0.00012919966277593787,0.00026419716820414563,0.00017271934933150954,98.70728433447042,0.002676786489885401,0.00010939665092312655,0.0003949551102925545,0.000246892348317291,98.7161640807474
38,0.0016140904350648948,0.00012792205544905904,0.0002153930800336292,0.00015614901529938284,98.89196322071898,0.0018663219444113232,0.00012890571077632982,0.0002622319023749928,0.0001721221556816931,98.70828645126103,0.0026821407042695463,0.00010924328710864977,0.00039580249034082264,0.00024742186635833333,98.70130547213878
39,0.0015973229487447462,0.0001274944874345776,0.00021260034357147467,0.0001548567711377742,98.90530060373109,0.0018561607294325386,0.00012830309260020693,0.0002607773885332836,0.0001711870206096026,98.70947099829024,0.0026800473459769746,0.00010857272364601895,0.00039649566217023576,0.0002463729947890356,98.70052344010678
40,0.0015811310874323274,0.00012675609448486145,0.00021005230274515,0.00015354144558307376,98.91189953129411,0.0018431111693709395,0.00012672246935757338,0.00025945374627195394,0.00016964342761000345,98.73577468975864,0.0026841579709906836,0.00010799046779268522,0.0003983474704688667,0.0002456944081082789,98.71225392058726
41,0.0015665570356478004,0.00012608904628664665,0.00020776411394208603,0.00015235288370653335,98.92382175103585,0.001840725186861731,0.00012671846223475183,0.00025897571053664704,0.00016952596981817768,98.73901095221184,0.00268441837633381,0.00010809143546990722,0.00039751243752402226,0.0002465692965858112,98.71029884050718
42,0.0015517492996812736,0.00012542424558279744,0.0002054863136664718,0.00015109494963301673,98.93237541710084,0.001824352865634773,0.00012608855358457632,0.0002560050730171236,0.00016856100378928566,98.74195857504094,0.002672659607629317,0.00010790486880609565,0.0003969297041122273,0.00024425897965950236,98.71694611277944
43,0.0015393464430339735,0.00012496827440931473,0.0002035370928959946,0.00015005744977894913,98.9376862393958,0.0018111416393236715,0.00012524330420636548,0.0002543094299761178,0.0001671651539596809,98.76379772375039,0.0026843750037605293,0.00010721403580376048,0.0003976374837047597,0.00024665275830901355,98.71420900066735
44,0.0015228307504215248,0.00012414681444867544,0.00020091069008447147,0.00014876029343237774,98.95217590705265,0.0018057243286808918,0.00012552925632969479,0.0002535015509854401,0.0001665472180411924,98.76572073838963,0.0026801243720173435,0.00010777411316175366,0.000397101221244304,0.0002459863443053453,98.71968322489153
45,0.0015111926876242385,0.00012369767856427089,0.00019899941958651998,0.0001478743332364041,98.95491018178811,0.0017935794825735753,0.00012423121513808013,0.0002517661648384366,0.00016557090167489445,98.77443240704754,0.0026726214076719574,0.00010694543025975518,0.000398179330954303,0.00024323966774957356,98.71811916082748
46,0.0014958610482547316,0.00012315311435857505,0.00019644212983694812,0.0001467348535016864,98.96613172888406,0.0017858921995847136,0.00012390177758906277,0.0002505691566293405,0.00016492844823064404,98.78571934092403,0.0026882108099557257,0.0001079098012170918,0.00040068236381016876,0.00024439288795661385,98.70801356912467
47,0.0014830164541385967,0.00012235227675879825,0.00019457947638725252,0.00014558656805721133,98.97818673603429,0.0017820772377767442,0.00012350670096638035,0.00025033818878730807,0.000164304444450371,98.78538696802343,0.0026855739274037047,0.00010741316096706164,0.0004000780915973607,0.0002444621002084475,98.72202932098766
48,0.001471801653959592,0.00012205408250750146,0.00019275323556205718,0.0001446836571900316,98.97657003248388,0.0017687175994552005,0.00012310999703274767,0.00024779704499549123,0.00016360485517982341,98.78683016614445,0.0026908254225713178,0.00010672429178501605,0.00040143102956495275,0.00024459425539306894,98.72593948114779
49,0.001458306504505365,0.0001215470246626106,0.00019051014854741855,0.00014367972095648344,98.98810433774003,0.0017648826188017283,0.0001227510738089317,0.000247372576164075,0.00016316031106859512,98.79558056999,0.0026853730228754715,0.00010655404745390311,0.00040112062266121646,0.00024358412200534667,98.7146000166833
50,0.0014465696128260661,0.00012098892278407572,0.00018872138234941213,0.0001426737905885072,98.99891471570294,0.0017509550397788378,0.00012182124590899255,0.0002453250502879601,0.00016195839847288657,98.80804330424041,0.0026898291433934828,0.00010644652472881323,0.00040111951435588906,0.0002447261356644811,98.72571356078298
51,0.00143348914153473,0.0001205114060449059,0.0001868180194666041,0.00014142641497357235,99.00814276655086,0.0017457095218495228,0.00012160315977177487,0.0002443170221689354,0.00016170956815491133,98.80702369413925,0.0026972209625701245,0.00010569188659271301,0.0004021169211105066,0.0002457653471218372,98.71035966522076
52,0.0014242129127866685,0.00012017973617628642,0.00018527056021363193,0.00014073773389165352,99.01167241764225,0.0017314714564871723,0.00012061566531789192,0.00024210235518511838,0.00016061159305705934,98.82967128370112,0.0026852105825988424,0.00010552900798879941,0.0004004891375803414,0.0002444312519179909,98.71867527249469
53,0.0014101530291607829,0.00011963446136728982,0.00018305812146401893,0.00013957152055287233,99.02013239106853,0.0017290250878066733,0.00012096816650508339,0.00024175070022569976,0.00016026353129931797,98.8279469430889,0.0026910653797204832,0.00010593608768996657,0.0004012947752631295,0.00024498754666293845,98.71867527249466
54,0.0014012879481113145,0.00011910881609353132,0.00018175721857352224,0.00013878756514546824,99.02263681551806,0.0017243420244545066,0.00012042359239818181,0.00024154708513365826,0.00015943252297821806,98.83549655611698,0.0026948024405518897,0.00010542544830083923,0.0004039914398359739,0.00024335280358099153,98.72225524135243
55,0.0013903017249793615,0.00011869075296591808,0.0001800043056452764,0.00013789843754569327,99.0310748823921,0.0017124065556847173,0.00011949631303931022,0.00023927281465252869,0.00015895474677814477,98.83959748792063,0.0026861290239754156,0.00010551012550225809,0.00040248772239539067,0.00024266700131340404,98.71326187298406
56,0.0013787239096691255,0.00011814937630178607,0.00017821893526393618,0.00013692469782829744,99.03715681532384,0.001701734178969937,0.00011912504726174658,0.00023771413168193953,0.0001579381505801012,98.84176665842975,0.0026963335757672386,0.00010457182007313177,0.00040176713239791726,0.0002461733035758968,98.73587997719939
57,0.0013679783734923121,0.00011755092992998593,0.00017671668625357374,0.00013589017466310988,99.04163956994682,0.001697525018191893,0.00011877563906066607,0.00023697719338231497,0.00015771015062465043,98.84993353541606,0.002697295100251968,0.0001050051828929714,0.0004032027260305964,0.00024486975008904984,98.73124860972081
58,0.001357839947290752,0.00011740771750423582,0.0001749543300654944,0.0001351537275785317,99.05021986089812,0.0016912291640929851,0.00011833588117345546,0.00023636235796060332,0.00015686096213687057,98.85528773796898,0.0026933583588263877,0.00010501704073740748,0.0004035075760691905,0.00024357775593572924,98.72460133744855
59,0.0013470937516707343,0.00011682979562351137,0.000173343166318981,0.0001342228225590515,99.05838426438204,0.001681981878655572,0.00011788452358429877,0.00023457929541024724,0.0001564450439639009,98.85436309155375,0.002693413265955609,0.00010448621420387958,0.0004024821010298675,0.0002447496627683978,98.73655773829384
60,0.0013373543223316026,0.00011650349904632722,0.00017186359741470271,0.0001333491080542379,99.06018329785142,0.0016768974599204825,0.00011764660441232378,0.00023407472084121159,0.00015573799198616035,98.85907753874928,0.002703977279943993,0.00010417210098632888,0.0004055324593414175,0.0002444188350047035,98.72978881659435
61,0.0013284597315119722,0.000115846634213134,0.00017053903214426735,0.0001326142421951246,99.07076517362414,0.001666925570052985,0.0001169622675830742,0.00023222875907160943,0.0001552620666697421,98.87331584402128,0.002685399735472291,0.00010445801003574948,0.0004008882277884294,0.0002443472039885819,98.72532254476695
62,0.0013175378695564686,0.0001155545048281496,0.00016872625157963734,0.0001317695895942855,99.07463960014417,0.0016641618924275522,0.00011731327873759813,0.00023168793531663808,0.00015502421793633884,98.86772423225358,0.0026984550184696106,0.0001040197531511768,0.00040522133428099995,0.0002433874796150957,98.73783505727947
63,0.001308869760516914,0.00011514265767184834,0.00016748816678832982,0.00013094360927368344,99.08026891000546,0.0016594703779071838,0.00011648221280864744,0.00023157802329266838,0.00015416901692577828,98.8795209711806,0.0026988995267783066,0.0001043686168339116,0.000404697863347325,0.00024393486327844093,98.7382260732955
64,0.0013001323849873225,0.00011478879387467482,0.00016617833172997477,0.0001301575658491587,99.08129076640851,0.0016568452270040589,0.00011651715537342059,0.00023118936625521257,0.0001538926506027793,98.87813400155773,0.002715362368050862,0.0001041528868537736,0.00040912856835544715,0.00024367380486895658,98.72873741797349
65,0.0012927175919220453,0.00011448064472995106,0.00016504597862933933,0.00012951325830735157,99.08572835983159,0.001642237478319729,0.00011595132097052777,0.0002286862890218555,0.0001528852499373037,98.89465018576894,0.0026918751080646304,0.00010377450608585432,0.0004036194791174116,0.0002434056728521387,98.73985096207315
66,0.00128201546675772,0.00011397816197458037,0.00016341565880687457,0.0001285936675389974,99.09312300077428,0.0016383606857890563,0.00011528405158193848,0.00022847081391027323,0.00015229834574333136,98.89643450344589,0.0027047618090905046,0.00010358223467797821,0.0004061807644698215,0.00024411412733890166,98.7311877850072
67,0.0012728764884374333,0.00011344464274432359,0.00016201758268341473,0.0001278403798361505,99.09989819182643,0.0016342645601159142,0.00011531128332675619,0.00022760538084308973,0.00015213293944298553,98.88926599468361,0.002699035141189155,0.00010421053977208087,0.0004051352003148782,0.00024357095153882747,98.74001605772439
68,0.0012657859825190875,0.00011339403104612336,0.0001610559380481191,0.00012704205006646043,99.10026891809407,0.0016272858596376835,0.0001148180534099696,0.00022621384002335075,0.00015190311194431723,98.90249343650986,0.002704886206727777,0.00010341414914315415,0.00040457257922310884,0.0002457954398925869,98.73565405683462
69,0.0012579555578337723,0.000112808898175887,0.0001599947031197919,0.00012629196238197644,99.10852330695367,0.0016197967297133845,0.00011482615971342764,0.0002249365515579673,0.00015130609153531237,98.90057916852594,0.0027005102774883445,0.00010330130602154452,0.0004043818248523953,0.0002449204212344075,98.74542945723499
70,0.0012479048373695513,0.00011255358289817616,0.0001582504558179114,0.00012558735762211188,99.11012282228654,0.0016190123900363897,0.00011452262366076223,0.00022526840402078765,0.00015085403894877068,98.90630447916722,0.0027077649940258344,0.00010350141048941107,0.0004060732478408042,0.00024499264946899603,98.73252592870648
71,0.0012400984962997047,0.00011200069539502655,0.00015713457951156188,0.0001248898705172106,99.12034644167495,0.0016117478761735196,0.00011447145581482426,0.00022420780452620906,0.00015011130035483516,98.9105353612779,0.0027036204229335527,0.0001031438100530854,0.00040677473156687776,0.00024334442521747505,98.72063035257477
72,0.0012323540312785138,0.00011178342261505125,0.000155952574036318,0.00012419007827800326,99.12025915249001,0.0016009041594715263,0.00011333319999855078,0.00022231664075257463,0.00014957609945469232,98.91998549754571,0.002715187562579239,0.00010297976247808972,0.0004091735880482136,0.0002438783648776243,98.73822607329552
73,0.0012264396763519455,0.0001114425133896006,0.00015518060517199798,0.00012356868446903772,99.12463709268641,0.001600300858972267,0.00011326509072423636,0.00022194276877393526,0.00014981617322287565,98.9164118641032,0.0027024916631194786,0.00010263964970756599,0.0004058893792790587,0.0002440736281789361,98.73526304081857
74,0.0012164289021087736,0.00011103031519281515,0.0001537164586746017,0.00012263318780478667,99.1300217232113,0.0015910548607795416,0.00011277306152300703,0.0002206751949898231,0.00014889525539804198,98.93595689008514,0.0027140102481368828,0.00010263675780938561,0.00040702488056283345,0.00024581849543579127,98.74721944166387
75,0.0012107502562077423,0.0001107474725791086,0.00015288683056080663,0.00012211386492056147,99.13009485739303,0.0015861411336108402,0.00011239167853942021,0.00022007326336158606,0.00014836410026935573,98.93264690582325,0.002709363546297961,0.0001026222674448257,0.00040551966663475176,0.0002461656533980843,98.73425508842175
76,0.0012033478628359568,0.00011025132963641635,0.0001518364048864684,0.00012143772829432591,99.13909305795521,0.001581522590217037,0.00011252672279021607,0.00021922639363543815,0.00014802257271273242,98.94011405038712,0.0027172937359962917,0.00010322021331081192,0.0004077951468659464,0.0002457232326992813,98.73040575297517
77,0.001194959789443544,0.00011015579785949095,0.00015040528557248698,0.00012079571200703842,99.14022579521466,0.0015766770657365573,0.00011155861286958847,0.0002187131206199567,0.00014756649412238956,98.93935808946662,0.002716649934095708,0.0001020073173709239,0.00040804777362044096,0.00024561287805349946,98.73666200923145
78,0.001186600288547442,0.00010972425638256394,0.0001491763387835948,0.00012004266908959247,99.14570243325832,0.0015734144199412569,0.00011190460257021056,0.0002180483988336017,0.00014732905696304748,98.95109485132889,0.002712538531931067,0.00010269622470258509,0.0004076957604312967,0.0002447648170149281,98.74291826548767
79,0.0011804411634635764,0.00010931338879855082,0.0001483369386541415,0.00011944500452106936,99.1490918824158,0.0015688685827144157,0.00011134560848022961,0.00021749285949347375,0.00014688788425414338,98.94409002997257,0.002721671213244868,0.0001025482033091484,0.00040956648936608454,0.00024521426294577887,98.73369897675452
80,0.0011743513027815808,0.0001090099558186187,0.00014740678789370773,0.00011892854871652236,99.15200781302214,0.0015596781626150118,0.00011044217368623736,0.0002163602990047392,0.00014594869845564306,98.9472400753952,0.0027195773578274087,0.00010211123849699475,0.00040975409265720864,0.0002446124405675643,98.72548764041818
81,0.0011668988334374176,0.00010867451083081077,0.0001463162442987718,0.00011823983622726363,99.16155637357987,0.0015534210259989438,0.00011031755314443902,0.00021525915949121384,0.00014551670800524806,98.96359632076697,0.002722454593969962,0.00010174128771256153,0.00040937524888274337,0.0002458030784681968,98.7404070737404
82,0.00116035969653313,0.00010842891592577292,0.00014536537752317624,0.00011761731767923583,99.15491295886476,0.0015494693871787799,0.00011026260949375849,0.00021479631913700692,0.00014500537383688053,98.96137467032602,0.0027173795057712376,0.00010195938336216165,0.0004078138598423401,0.0002460411698258532,98.745820473251
83,0.001154559602096443,0.0001079327984652461,0.00014459209668297621,0.00011706460389202135,99.1652326300588,0.0015499978021661814,0.00011041132268711998,0.00021499522525014349,0.0001449013942480004,98.95891186210389,0.002730107249541057,0.0001026286771701888,0.0004110920716492409,0.000245777569550744,98.73666200923144
84,0.0011478925003741154,0.000107701920864805,0.00014353310507920575,0.00011651453995636577,99.16767976044882,0.0015386206508483937,0.00010938971100719712,0.00021256882424873556,0.00014473891035298147,98.97579915440335,0.0027213160584152146,0.00010164313032480611,0.00040891465598818014,0.0002460035749528607,98.73806097764432
85,0.0011416552002090677,0.00010747343745900135,0.000142600839547009,0.00011594460086480427,99.17417555870458,0.0015378639683641467,0.00010936468768502689,0.0002133536480507383,0.00014377117254934024,98.96584296165139,0.002729363934564832,0.00010122164049126031,0.0004113128639260508,0.00024572270863368556,98.74464742520297
86,0.0011336055949681143,0.00010709270587997018,0.00014147957068588168,0.00011514865155352672,99.17610468339166,0.0015369912744649956,0.00010938415567012583,0.00021284040758147581,0.0001440613728670043,98.9671699542095,0.0027289019985678228,0.00010155110774920447,0.0004100502237388109,0.00024678749822841555,98.74643740963184
87,0.0011292205765350584,0.0001068594373280763,0.00014089089418284286,0.00011469939035951314,99.17872639215128,0.001529474209870569,0.00010890119447661597,0.00021178496295943402,0.00014335829069346396,98.97121465751495,0.002713452889332296,0.00010124752244902649,0.0004079278945494947,0.00024512344503278117,98.74933961739517
88,0.0011211413830610603,0.00010644563373529055,0.00013966555175979126,0.00011400838551292146,99.18271473274278,0.001524667182560062,0.00010867647876847021,0.0002108458837967426,0.00014315179427004982,98.96519071107198,0.002729092280984529,0.00010092230612015653,0.00041001915854615837,0.0002470233363989816,98.74409131353573
89,0.0011151034000221089,0.00010618218514418872,0.00013887570319214893,0.00011335460038703235,99.18412450363124,0.0015198112825118672,0.0001087112597496112,0.00021025343015948543,0.00014252157554411793,98.98172813716029,0.0027267716705446712,0.00010110886354153547,0.00041007862199802657,0.00024633707987566203,98.73454183350017
90,0.0011086331101472704,0.00010589564436025533,0.0001378889660433983,0.00011279540058933282,99.18844852000674,0.0015111935627897099,0.00010787245731318443,0.00020860752744239665,0.0001422227494352694,98.9872935089621,0.0027376636013237607,0.00010036898625863564,0.00041223578611262947,0.00024708786352405424,98.75331060226895
91,0.0011024837170710846,0.00010546616691262816,0.00013705869995536818,0.00011219568775717228,99.19449675055063,0.0015106371146590052,0.00010774841099830617,0.00020861829210433268,0.00014210388274161532,98.98312385343839,0.0027315563276863178,0.00010053666492977582,0.00041084860906168515,0.0002469063045872325,98.75224182515849
92,0.0010977136043230314,0.00010527426708696386,0.00013653562339482152,0.0001115742109957644,99.19503160744762,0.0015055042437835192,0.00010784920968977388,0.00020807270950797986,0.0001413410476919624,98.97785586791613,0.0027316667460458906,0.00010037854519543691,0.0004109705309068935,0.0002468515170196927,98.74816656934712
93,0.0010915345398003378,0.00010493964137850881,0.00013553515467385556,0.0001111135697603067,99.20113039157316,0.0015060120686975485,0.00010755458999718089,0.00020810655981851373,0.00014150780948495666,98.9818618360339,0.0027356237689083493,0.00010094018904743968,0.00041205134805971503,0.0002466195447423898,98.73359470581693
94,0.0010854408894080852,0.00010474860184510643,0.00013461732179643752,0.00011055575016935068,99.19908027531353,0.0014973462840515493,0.0001071698218677944,0.0002069742104107861,0.0001405699036291076,98.9982005880951,0.002727613114198116,0.00010049984583118301,0.00041171561099110623,0.0002450627008157254,98.74370029751975
95,0.0010802358060014422,0.00010445587957724761,0.00013382929972254967,0.00011011568211841776,99.20652850305322,0.0014917780223759859,0.00010673358178873609,0.00020591933889428028,0.00014034177007247098,98.99358985124093,0.0027290882536436657,0.0001003395665139652,0.00041123223137047544,0.000245954941075635,98.74370029751974
96,0.001074059433648321,0.00010412414250227167,0.0001328832139884907,0.0001096006090198894,99.2073936433521,0.0014952080738213328,0.00010660060615267097,0.00020663737081363462,0.00014051449760305612,99.00440571525448,0.002747873426415026,0.00010048871430429958,0.00041407145201102704,0.00024777471864237323,98.74476907463017
97,0.0010690377341821423,0.00010387197280701484,0.00013221818533508867,0.00010907325450296517,99.21209984480724,0.0014808278866312516,0.00010636200144987948,0.00020397749951019163,0.00013963897270442564,99.01400329513994,0.0027344831693414096,0.0001001523041112877,0.0004101371962098858,0.0002484455265378504,98.7450992659326
98,0.0010629365571478023,0.00010355689746615865,0.0001314404132061287,0.00010840450143368472,99.21606223456011,0.0014801967949990356,0.00010581647948650676,0.0002041893260028567,0.0001394057538532268,99.00545156532144,0.0027381219599093938,0.00010015994190030756,0.0004119092899034857,0.000247581214549624,98.7572207624291
99,0.0010563956106900167,0.00010319126309459453,0.00013053430702548782,0.00010776677965149993,99.22122577741963,0.0014758541709392942,0.00010565887987142174,0.00020357481646059435,0.0001389740063780902,99.01315237053346,0.0027304339833003847,0.00010010519513712466,0.0004118147378510519,0.0002457674561663078,98.75392753864973
100,0.0010521229328337072,0.00010296461157262693,0.00012991303874147354,0.00010737654177608771,99.22313737686477,0.0014794247878354885,0.00010564235948367498,0.000204700358023393,0.00013874524826264028,98.99889657195081,0.0027325362709627763,9.972780340782215e-05,0.00041098403351104543,0.00024721808468048284,98.75777687409631
